{
  "total_monitoring_duration_seconds": 6000,
  "total_vehicles_added": 96,
  "total_trust_updates": 651,
  "vehicles_monitored": 96,
  "avg_trust_score": 80.83717357910906,
  "min_trust_score": 76.0,
  "max_trust_score": 90.0,
  "sol_usage_total": 0.0006399999999999999,
  "sol_usage_avg_per_vehicle": 6.666666666666666e-06,
  "normal_vehicles": 76,
  "malicious_vehicles": 20,
  "flagged_vehicles": 11,
  "true_positives": 11,
  "false_positives": 0,
  "true_negatives": 76,
  "false_negatives": 9,
  "avg_normal_volatility": 1.8190803531264057,
  "avg_malicious_volatility": 3.8884523809523808,
  "volatility_ratio": 2.1375924237043185,
  "trust_update_success_rate": 100.0,
  "platoon_join_success_rate": 71.05263157894737,
  "pda_join_success_rate": 0.0,
  "total_sol_cost": 0.000639999999999999,
  "platoon_join_sol_cost": 0.000639999999999999,
  "platoon_join_cost_percentage": 100.0,
  "peak_throughput_tx_per_sec": 1.7333333333333334,
  "avg_throughput_tx_per_sec": 0.8666666666666667,
  "total_sol_consumed": 0.00064,
  "avg_sol_per_vehicle": 6.6666666666666675e-06,
  "platoon_join_attempts": 80,
  "successful_joins": 80,
  "join_success_rate": 1.0,
  "platoon_removals": 0,
  "below_threshold_detected": 0,
  "avg_transaction_latency": 5.881326479845882,
  "median_transaction_latency": 5.577227830886841,
  "max_transaction_latency": 15.16100001335144,
  "trust_update_avg_latency": 5.881326479845882,
  "trust_update_median_latency": 5.577227830886841,
  "trust_update_min_latency": 1.630939245223999,
  "trust_update_max_latency": 15.16100001335144,
  "platoon_join_avg_latency": 3.754498339535897,
  "platoon_join_median_latency": 3.5311851501464844,
  "platoon_join_min_latency": 1.7412889003753662,
  "platoon_join_max_latency": 8.144203901290894,
  "pda_join_avg_latency": 0.7935724639892578,
  "pda_join_median_latency": 0.7447268962860107,
  "pda_join_min_latency": 0.6964328289031982,
  "pda_join_max_latency": 1.7561709880828857,
  "recall": 0.55,
  "precision": 1.0,
  "f1_score": 0.7096774193548387
}